show_id,registration_id,payments_count,total_amount
1526,23792,1,460
1526,23793,1,460
1526,23794,1,460
1526,23797,1,120
1526,23803,1,460
1526,23804,1,460
1526,23805,1,460
1526,23809,1,175
1526,23816,1,175
1526,23822,1,175
1526,23824,1,175
1526,23825,1,155
1526,23826,1,175
1526,23835,1,175
1526,23836,1,805
1526,23837,1,805
1526,23838,1,805
1526,23839,1,805
1526,23840,1,805
1526,23841,1,805
1526,23853,1,175
1526,23856,1,580
1526,23857,1,580
1526,23858,1,580
1526,23859,1,580
1526,23867,1,175
1526,23879,1,175
1526,23880,1,175
1526,23897,1,175
1526,23899,1,460
1526,23900,1,460
1526,23901,1,460
1526,23906,1,330
1526,23907,1,330
1526,23913,1,580
1526,23914,1,580
1526,23915,1,580
1526,23916,1,580
1526,23936,1,460
1526,23937,1,460
1526,23938,1,460
1526,23939,1,175
1526,23942,1,330
1526,23943,1,330
1526,23944,1,175
1526,23948,1,175
1526,23949,1,155
1526,23957,1,175
1526,23961,1,175
1526,23969,1,175
1526,23970,1,175
1526,24009,1,175
1526,24010,1,175
1526,24012,1,175
1526,24026,1,175
1526,24027,1,175
1526,24030,1,1280
1526,24031,1,1280
1526,24032,1,1280
1526,24033,1,1280
1526,24034,1,1280
1526,24035,1,1280
1526,24044,1,350
1526,24060,1,330
1526,24061,1,330
1526,24062,1,175
1526,24064,1,175
1526,24080,1,630
1526,24081,1,630
1526,24082,1,630
1526,24083,1,630
1526,24084,1,105
1526,24098,1,350
1526,24101,1,450
1526,24102,1,450
1526,24103,1,450
1526,24109,1,175
1526,24113,1,175
1526,24120,1,580
1526,24121,1,580
1526,24122,1,580
1526,24123,1,580
1526,24124,1,185
1526,24125,1,185
1526,24130,1,330
1526,24131,1,330
1526,24143,1,175
1526,24145,1,120
1526,24154,1,175
1526,24158,1,175
1526,24169,1,350
1526,24180,1,175
1526,24197,1,175
1526,24199,1,350
1526,24208,1,175
1526,24229,1,175
1526,24238,1,175
1526,24270,1,175
1526,24271,1,175
1526,24277,1,175
1526,24281,1,155
1526,24294,1,175
1526,24295,1,845
1526,24296,1,845
1526,24297,1,845
1526,24298,1,845
1526,24299,1,845
1526,24300,1,845
1526,24301,1,845
1526,24308,1,175
1526,24309,1,155
1526,24311,1,175
1526,24312,1,460
1526,24313,1,460
1526,24314,1,460
1526,24315,1,590
1526,24316,1,590
1526,24317,1,590
1526,24318,1,590
1526,24319,1,590
1526,24321,1,175
1526,24322,1,175
1526,24324,1,735
1526,24325,1,735
1526,24326,1,735
1526,24327,1,735
1526,24328,1,735
1526,24333,1,120
1526,24334,1,175
1526,24335,1,175
1526,24336,1,175
1526,24337,1,460
1526,24338,1,460
1526,24339,1,460
1526,24340,1,175
1526,24344,1,330
1526,24345,1,330
1526,24347,1,120
1526,24349,1,175
1526,24350,1,175
1526,24351,1,175
1526,24352,1,175
1526,24353,1,175
1526,24354,1,175
1526,24355,1,175
1526,24356,1,155
1526,24357,1,175
1526,24358,1,155
1526,24359,1,330
1526,24360,1,330
1526,24366,1,175
1526,24367,1,175
1526,24368,1,175
1526,24375,1,175
1526,24376,1,175
1526,24377,1,155
1526,24378,1,645
1526,24379,1,645
1526,24380,1,645
1526,24381,1,645
1526,24382,1,645
1526,24383,1,120
1526,24384,1,510
1526,24385,1,510
1526,24386,1,510
1526,24387,1,175
1526,24388,1,175
1526,24389,1,175
1526,24390,1,175
1526,24393,1,330
1526,24394,1,330
1526,24395,1,175
1526,24396,1,175
1526,24399,1,175
1526,24400,1,910
1526,24401,1,910
1526,24402,1,910
1526,24403,1,910
1526,24404,1,910
1526,24405,1,910
1526,24408,1,175
1526,24409,1,295
1526,24410,1,295
1526,24411,1,120
1526,24412,1,175
1526,24414,1,175
1526,24415,1,175
1526,24424,1,120
1526,24425,1,175
1526,24426,1,425
1526,24427,1,425
1526,24428,1,425
1526,24429,1,425
1526,24430,1,425
1526,24431,1,570
1526,24432,1,570
1526,24433,1,570
1526,24434,1,570
1526,24436,1,295
1526,24437,1,295
1526,24445,1,450
1526,24446,1,450
1526,24447,1,450
1526,24448,1,330
1526,24449,1,330
1526,24450,1,330
1526,24451,1,330
1526,24452,1,1005
1526,24453,1,1005
1526,24454,1,1005
1526,24455,1,1005
1526,24456,1,1005
1526,24457,1,1005
1526,24458,1,1005
1526,24459,1,1005
1526,24460,1,460
1526,24461,1,460
1526,24462,1,460
1526,24463,1,330
1526,24464,1,330
1526,24465,1,175
1526,24466,1,105
1526,24467,1,175
1526,24468,1,175
1526,24469,1,155
1526,24472,1,175
1526,24474,1,175
1526,24476,1,175
1526,24481,1,175
1526,24483,1,175
1526,24484,1,175
1526,24485,1,330
1526,24486,1,330
1526,24487,1,175
1526,24488,1,175
1526,24489,1,155
1526,24492,1,330
1526,24493,1,330
1526,24494,1,175
1526,24495,1,175
1526,24496,1,120
1526,24498,1,175
1526,24499,1,175
1526,24500,1,175
1526,24503,1,175
1526,24507,1,80
1526,24508,1,175
1526,24511,1,175
1526,24512,1,295
1526,24513,1,295
1526,24518,1,240
1526,24519,1,240
1526,24520,1,240
1526,24521,1,120
1526,24522,1,175
1526,24523,1,175
1526,24526,1,120
1526,24527,1,175
1526,24528,1,175
1526,24529,1,175
1526,24530,1,155
1526,24532,1,175
1526,24533,1,175
1526,24535,1,120
1526,24536,1,175
1526,24537,1,120
1526,24538,1,175
1526,24539,1,120
1526,24542,1,80
1526,24543,1,175
1526,24544,1,330
1526,24545,1,330
1526,24547,1,175
1526,24548,1,330
1526,24549,1,330
1526,24550,1,460
1526,24551,1,460
1526,24552,1,460
1526,24554,1,175
1526,24555,1,330
1526,24556,1,330
1526,24557,1,120
1526,24558,1,175
1526,24560,1,120
1526,24561,1,330
1526,24562,1,330
1526,24563,1,175
1526,24564,1,175
1526,24566,1,175
1526,24567,1,330
1526,24568,1,330
1526,24569,1,175
1526,24570,1,175
1526,24575,1,460
1526,24576,1,460
1526,24577,1,460
1526,24579,1,120
1526,24580,1,175
1526,24583,1,175
1526,24584,1,295
1526,24585,1,295
1526,24586,1,175
1526,24587,1,175
1526,24589,1,175
1526,24590,1,175
1526,24591,1,120
1526,24593,1,175
1526,24594,1,330
1526,24595,1,330
1526,24599,1,120
1526,24600,1,175
1526,24602,1,175
1526,24603,1,175
1526,24604,1,175
1526,24606,1,120
1526,24607,1,350
1526,24608,1,295
1526,24609,1,295
1526,24610,1,80
1526,24611,1,175
1526,24623,1,175
1526,24624,1,350
1526,24625,1,470
1526,24626,1,470
1526,24627,1,470
1526,24628,1,105
1526,24630,1,460
1526,24631,1,460
1526,24632,1,460
1526,24633,1,175
1526,24634,1,175
1526,24640,1,580
1526,24641,1,580
1526,24642,1,580
1526,24643,1,580
1526,24644,1,175
1526,24648,1,175
1526,24649,1,175
1526,24651,1,175
1526,24653,1,175
1526,24658,1,295
1526,24659,1,295
1526,24660,1,175
1526,24661,1,175
1526,24662,1,175
1526,24663,1,175
1526,24668,1,175
1526,24669,1,175
1526,24670,1,120
1526,24671,1,240
1526,24672,1,240
1526,24673,1,175
1526,24676,1,460
1526,24677,1,460
1526,24678,1,460
1526,24679,1,175
1526,24681,1,155
1526,24684,1,205
1526,24685,1,175
1526,24688,1,295
1526,24689,1,295
1526,24690,1,460
1526,24691,1,460
1526,24692,1,460
1526,24694,1,175
1526,24696,1,175
1526,24700,1,175
1526,24701,1,175
1526,24703,1,155
1526,24705,1,175
1526,24708,1,120
1526,24709,1,465
1526,24710,1,465
1526,24711,1,465
1526,24714,1,460
1526,24715,1,460
1526,24716,1,460
1526,24726,1,175
1526,24727,1,175
1526,24728,1,330
1526,24729,1,330
1526,24731,1,460
1526,24732,1,460
1526,24733,1,460
1526,24734,1,565
1526,24735,1,565
1526,24736,1,565
1526,24737,1,565
1526,24738,1,175
1526,24739,1,175
1526,24740,1,175
1526,24741,1,330
1526,24742,1,330
1526,24747,1,175
1526,24748,1,175
1526,24749,1,570
1526,24750,1,570
1526,24751,1,570
1526,24752,1,570
1526,24754,1,330
1526,24755,1,330
1526,24757,1,175
1526,24758,1,155
1526,24759,1,175
1526,24760,1,175
1526,24761,1,175
1526,24765,1,175
1526,24766,1,175
1526,24767,1,175
1526,24768,1,175
1526,24770,1,175
1526,24771,1,175
1526,24785,1,175
1526,24786,1,175
1526,24787,1,120
1526,24789,1,175
1526,24790,1,120
1526,24791,1,175
1526,24792,1,175
1526,24795,1,330
1526,24796,1,330
1526,24799,1,175
1526,24801,1,175
1526,24802,1,460
1526,24803,1,460
1526,24804,1,460
1526,24807,1,460
1526,24808,1,460
1526,24809,1,460
1526,24811,1,175
1526,24812,1,350
1526,24813,1,175
1526,24823,1,330
1526,24824,1,330
1526,24825,1,155
1526,24827,1,120
1526,24828,1,330
1526,24829,1,330
1526,24830,1,175
1526,24831,1,765
1526,24832,1,765
1526,24833,1,765
1526,24834,1,765
1526,24835,1,765
1526,24836,1,765
1526,24837,1,175
1526,24839,1,460
1526,24840,1,460
1526,24841,1,460
1526,24844,1,120
1526,24845,1,175
1526,24846,1,175
1526,24847,1,175
1526,24848,1,175
1526,24849,1,175
1526,24853,1,175
1526,24854,1,175
1526,24855,1,120
1526,24857,1,175
1526,24858,1,175
1526,24860,1,155
1526,24861,1,175
1526,24863,1,175
1526,24867,1,175
1526,24869,1,175
1526,24870,1,175
1526,24871,1,175
1526,24872,1,175
1526,24873,1,175
1526,24874,1,350
1526,24876,1,175
1526,24878,1,175
1526,24880,1,175
1526,24881,1,175
1526,24883,1,155
1526,24885,1,175
1526,24886,1,175
1526,24887,1,175
1526,24888,1,175
1526,24889,1,460
1526,24890,1,460
1526,24891,1,460
1526,24892,1,175
1526,24895,1,175
1526,24896,1,175
1526,24897,1,175
1526,24898,1,175
1526,24901,1,225
1526,24902,1,175
1526,24903,1,330
1526,24904,1,330
1526,24905,1,175
1526,24906,1,175
1526,24907,1,175
1526,24908,1,175
1526,24910,1,175
1526,24911,1,175
1526,24912,1,175
1526,24915,1,175
1526,24916,1,120
1526,24917,1,480
1526,24918,1,480
1526,24920,1,130
1526,24922,1,330
1526,24923,1,330
1526,24937,1,175
1526,24938,1,120
1526,24939,1,175
1526,24940,1,120
1526,24942,1,350
1526,24943,1,175
1526,24946,1,175
1526,24947,1,510
1526,24948,1,510
1526,24949,1,510
1526,24954,1,175
1526,24959,1,175
1526,24967,1,330
1526,24968,1,330
1526,24969,1,175
1526,24970,1,155
1526,24971,1,470
1526,24972,1,470
1526,24973,1,470
1526,24974,1,470
1526,24975,1,175
1526,24976,1,155
1526,24979,1,175
1526,24981,1,175
1526,24986,1,175
1526,24988,1,175
1526,24990,1,175
1526,24991,1,175
1526,24993,1,175
1526,24995,1,175
1526,24996,1,330
1526,24997,1,330
1526,24998,1,175
1526,25000,1,120
1526,25001,1,175
1526,25002,1,175
1526,25003,1,460
1526,25004,1,460
1526,25005,1,460
1526,25007,1,80
1526,25008,1,175
1526,25012,1,175
1526,25013,1,175
1526,25014,1,175
1526,25016,1,175
1526,25018,1,155
1526,25020,1,175
1526,25022,1,350
1526,25023,1,120
1526,25035,1,175
1526,25039,1,175
1526,25041,1,130
1526,25047,1,175
1526,25048,1,175
1526,25049,1,590
1526,25050,1,590
1526,25051,1,175
1526,25052,1,175
1526,25054,1,330
1526,25055,1,330
1526,25056,1,175
1526,25057,1,330
1526,25058,1,330
1526,25059,1,175
1526,25062,1,330
1526,25063,1,330
1526,25064,1,175
1526,25067,1,175
1526,25068,1,180
1526,25073,1,155
1526,25074,1,175
1526,25076,1,175
1526,25077,1,175
1526,25079,1,1045
1526,25080,1,1045
1526,25081,1,1045
1526,25082,1,1045
1526,25083,1,1045
1526,25084,1,1045
1526,25085,1,1045
1526,25086,1,1045
1526,25087,1,1045
1526,25088,1,1045
1526,25089,1,450
1526,25090,1,450
1526,25091,1,450
1526,25095,1,175
1526,25096,1,240
1526,25097,1,175
1526,25098,1,175
1526,25099,1,175
1526,25100,1,175
1526,25101,1,175
1526,25102,1,645
1526,25103,1,645
1526,25104,1,645
1526,25105,1,645
1526,25106,1,645
1526,25108,1,175
1526,25109,1,175
1526,25110,1,175
1526,25111,1,175
1526,25114,1,175
1526,25115,1,565
1526,25116,1,565
1526,25117,1,565
1526,25118,1,565
1526,25119,1,460
1526,25120,1,460
1526,25121,1,460
1526,25122,1,350
1526,25123,1,175
1526,25127,1,175
1526,25128,1,175
1526,25129,1,175
1526,25133,1,395
1526,25134,1,395
1526,25136,1,330
1526,25137,1,330
1526,25139,1,330
1526,25140,1,330
1526,25141,1,175
1526,25144,1,175
1526,25147,1,175
1526,25148,1,235
1526,25149,1,235
1526,25150,1,120
1526,25153,1,155
1526,25154,1,815
1526,25155,1,815
1526,25156,1,815
1526,25157,1,815
1526,25158,1,815
1526,25159,1,815
1526,25160,1,175
1526,25167,1,175
1526,25168,1,175
1526,25169,1,175
1526,25170,1,160
1526,25171,1,160
1526,25173,1,460
1526,25174,1,460
1526,25175,1,460
1526,25176,1,845
1526,25177,1,845
1526,25178,1,845
1526,25179,1,845
1526,25180,1,845
1526,25181,1,845
1526,25182,1,845
1526,25183,1,175
1526,25185,1,330
1526,25186,1,330
1526,25187,1,700
1526,25188,1,700
1526,25189,1,350
1526,25190,1,175
1526,25191,1,330
1526,25192,1,330
1526,25193,1,120
1526,25195,1,175
1526,25196,1,790
1526,25197,1,790
1526,25198,1,790
1526,25199,1,790
1526,25200,1,790
1526,25202,1,120
1526,25203,1,175
1526,25210,1,895
1526,25211,1,895
1526,25212,1,895
1526,25213,1,895
1526,25214,1,895
1526,25215,1,895
1526,25216,1,895
1526,25218,1,175
1526,25219,1,175
1526,25221,1,350
1526,25223,1,175
1526,25224,1,175
1526,25225,1,175
1526,25227,1,175
1526,25228,1,175
1526,25229,1,295
1526,25230,1,295
1526,25231,1,175
1526,25232,1,330
1526,25233,1,330
1526,25234,1,460
1526,25235,1,460
1526,25236,1,460
1526,25239,1,175
1526,25241,1,120
1526,25242,1,175
1526,25243,1,175
1526,25245,1,175
1526,25246,1,330
1526,25247,1,330
1526,25248,1,460
1526,25249,1,460
1526,25250,1,460
1526,25251,1,175
1526,25253,1,155
1526,25254,1,330
1526,25255,1,330
1526,25256,1,175
1526,25263,1,175
1526,25264,1,175
1526,25268,1,460
1526,25269,1,460
1526,25270,1,460
1526,25271,1,175
1526,25272,1,685
1526,25273,1,685
1526,25274,1,685
1526,25275,1,685
1526,25276,1,685
1526,25277,1,565
1526,25278,1,565
1526,25279,1,565
1526,25280,1,565
1526,25281,1,175
1526,25282,1,155
1526,25283,1,645
1526,25284,1,645
1526,25285,1,645
1526,25286,1,645
1526,25287,1,645
1526,25288,1,565
1526,25289,1,565
1526,25290,1,565
1526,25291,1,565
1526,25292,1,80
1526,25293,1,450
1526,25294,1,450
1526,25295,1,450
1526,25296,1,175
1526,25297,1,1145
1526,25298,1,1145
1526,25299,1,1145
1526,25300,1,1145
1526,25301,1,1145
1526,25302,1,1145
1526,25303,1,210
1526,25304,1,210
1526,25305,1,175
1526,25306,1,120
1526,25307,1,80
1526,25309,1,175
1526,25310,1,175
1526,25311,1,175
1526,25312,1,175
1526,25314,1,175
1526,25317,1,175
1526,25318,1,175
1526,25319,1,80
1526,25320,1,175
1526,25321,1,175
1526,25322,1,330
1526,25323,1,330
1526,25325,1,330
1526,25326,1,175
1526,25327,1,330
1526,25329,1,175
1526,25330,1,350
1526,25331,1,175
1526,25332,1,175
1526,25333,1,175
1526,25341,1,945
1526,25342,1,945
1526,25343,1,945
1526,25344,1,945
1526,25345,1,945
1526,25346,1,945
1526,25347,1,945
1526,25348,1,295
1526,25349,1,295
1526,25350,1,175
1526,25351,1,460
1526,25352,1,460
1526,25353,1,460
1526,25354,1,175
1526,25356,1,295
1526,25357,1,295
1526,25358,1,175
1526,25364,1,655
1526,25365,1,655
1526,25366,1,655
1526,25367,1,655
1526,25368,1,655
1526,25369,1,380
1526,25370,1,380
1526,25372,1,330
1526,25373,1,330
1526,25374,1,350
1526,25376,1,415
1526,25377,1,415
1526,25378,1,415
1526,25379,1,175
1526,25380,1,330
1526,25381,1,330
1526,25382,1,175
1526,25383,1,235
1526,25384,1,235
1526,25385,1,175
1526,25386,1,295
1526,25387,1,295
1526,25388,1,175
1526,25389,1,120
1526,25390,1,685
1526,25391,1,685
1526,25392,1,685
1526,25393,1,685
1526,25394,1,685
1526,25395,1,510
1526,25396,1,510
1526,25397,1,510
1526,25401,1,380
1526,25402,1,380
1526,25403,1,120
1526,25404,1,215
1526,25405,1,215
1526,25406,1,215
1526,25408,1,215
1526,25409,1,215
1526,25410,1,215
1526,25412,1,430
1526,25413,1,215
1526,25414,1,215
1526,25415,1,215
1526,25417,1,335
1526,25418,1,335
1526,25420,1,430
1526,25421,1,430
1526,25423,1,195
1526,25426,1,215
1526,25427,1,215
1526,25428,1,410
1526,25429,1,410
1526,25430,1,215
1526,25431,1,215
1526,25433,1,120
1526,25438,1,215
1526,25441,1,410
1526,25442,1,410
1526,25443,1,215
1526,25445,1,215
1526,25452,1,120
1526,25453,1,195
1526,25454,1,240
1526,25456,1,240
1526,25458,1,215
1526,25460,1,120
1526,25461,1,215
1526,25462,1,240
1526,25463,1,215
1526,25464,1,215
1526,25465,1,240
1526,25467,1,170
1526,25468,1,410
1526,25469,1,410
1526,25470,1,215
1526,25471,1,215
1526,25472,1,215
1526,25473,1,215
1526,25474,1,240
1526,25475,1,215
1526,25476,1,120
1526,25477,1,215
1526,25478,1,120
1526,25479,1,145
1526,25480,1,215
1526,25481,1,410
1526,25482,1,410
1526,25483,1,215
1526,25487,1,215
1526,25488,1,120
1526,25494,1,315
1526,25495,1,315
1526,25498,1,120
1526,25499,1,410
1526,25500,1,410
1526,25501,1,410
1526,25502,1,410
1526,25503,1,215
1526,25504,1,215
1526,25505,1,120
1526,25506,1,215
1526,25507,1,215
1526,25508,1,215
1526,25509,1,215
1526,25510,1,240
1526,25511,1,240
1526,25515,1,215
1526,25516,1,215
1526,25517,1,430
1526,25518,1,215
1526,25521,1,240
1526,25522,1,240
1526,25524,1,215
1526,25529,1,215
1526,25530,1,410
1526,25531,1,410
1526,25533,1,195
1526,25534,1,580
1526,25535,1,580
1526,25536,1,580
1526,25537,1,120
1526,25539,1,700
1526,25540,1,700
1526,25541,1,700
1526,25542,1,700
1526,25544,1,410
1526,25545,1,410
1526,25546,1,215
1526,25547,1,315
1526,25548,1,315
1526,25550,1,215
1526,25554,1,120
1526,25555,1,120
1526,25556,1,170
1526,25557,1,215
1526,25558,1,215
1526,25559,1,215
1526,25560,1,195
1526,25561,1,845
1526,25562,1,845
1526,25563,1,845
1526,25564,1,845
1526,25565,1,845
1526,25567,1,410
1526,25568,1,410
1526,25569,1,430
1526,25570,1,215
1526,25572,1,120
1526,25573,1,190
1526,25575,1,120
1526,25576,1,480
1526,25577,1,480
1526,25578,1,215
1526,25580,1,215
1526,25581,1,215
1526,25582,1,410
1526,25583,1,410
1526,25584,1,215
1526,25585,1,120
1526,25586,1,215
1526,25587,1,215
1526,25588,1,240
1526,25589,1,215
1526,25591,1,215
1526,25592,1,170
1526,25593,1,145
1526,25594,1,215
1526,25595,1,120
1526,25596,1,215
1526,25599,1,215
1526,25600,1,120
