show_id,sagir_id,registration_id,paid,payments_count,total_amount,arena_id,class_id
1526,16199,24120,1,1,580,2503,390698
1526,18064,25024,0,0,0,2503,390616
1526,18310,25211,1,1,895,2503,390713
1526,18320,24121,1,1,580,2503,390760
1526,18573,24124,1,1,185,2503,390761
1526,18713,25025,0,0,0,2503,390613
1526,18920,24277,1,1,175,2503,390776
1526,19170,25176,1,1,845,2503,390936
1526,19258,25154,1,1,815,2503,390969
1526,19289,25589,1,1,215,2503,390696
1526,19692,24811,1,1,175,2503,390932
1526,125770,25155,1,1,815,2503,390619
1526,133756,24714,1,1,460,2503,390937
1526,138438,24728,1,1,330,2503,390933
1526,140005,25177,1,1,845,2503,390933
1526,141594,23936,1,1,460,2503,390693
1526,143218,24857,1,1,175,2503,391098
1526,143228,23937,1,1,460,2503,390692
1526,143339,25409,1,1,215,2503,390920
1526,143422,24703,1,1,155,2503,390697
1526,143534,25351,1,1,460,2503,390693
1526,144607,24634,1,1,175,2503,390888
1526,146536,25533,1,1,195,2503,390585
1526,146563,24990,1,1,175,2503,390616
1526,146763,24567,1,1,330,2503,390853
1526,147169,24715,1,1,460,2503,390933
1526,147172,24716,1,1,460,2503,390932
1526,148106,25294,1,1,450,2503,390712
1526,148231,25417,1,1,335,2503,390567
1526,148563,24976,1,1,155,2503,390697
1526,148977,24357,1,1,175,2503,390569
1526,149234,25144,1,1,175,2503,390564
1526,150766,25178,1,1,845,2503,390857
1526,151399,23906,1,1,330,2503,390853
1526,151567,25558,1,1,215,2503,390693
1526,151663,25248,1,1,460,2503,390613
1526,151726,25498,1,1,120,2503,390693
1526,152421,25057,1,1,330,2503,391099
1526,152905,25026,0,0,0,2503,390612
1526,385779,25376,1,1,415,2503,390938
1526,1000100,25331,1,1,175,2503,390856
1526,1000221,23809,1,1,175,2503,391081
1526,1000242,25414,1,1,215,2503,390568
1526,1000365,24915,1,1,175,2503,390693
1526,1000642,25352,1,1,460,2503,390693
1526,1000861,25147,1,1,175,2503,391082
1526,1000890,23944,1,1,175,2503,390760
1526,1001062,24823,1,1,330,2503,390713
1526,1001072,25423,1,1,195,2503,390565
1526,1001078,24125,1,1,185,2503,390692
1526,1001493,24896,1,1,175,2503,390933
1526,1001513,25013,1,1,175,2503,390696
1526,1001841,24603,1,1,175,2503,390868
1526,1001906,24995,1,1,175,2503,391079
1526,1002664,23949,1,1,155,2503,390613
1526,1002685,24503,1,1,175,2503,390933
1526,1002760,25212,1,1,895,2503,391127
1526,1003052,25282,1,1,155,2503,390565
1526,1003081,25464,1,1,215,2503,390933
1526,1004000,25427,1,1,215,2503,390933
1526,1004007,25249,1,1,460,2503,390612
1526,1004080,23825,1,1,155,2503,390564
1526,1004438,25413,1,1,215,2503,390628
1526,1004508,25509,1,1,215,2503,390789
1526,1004757,24483,1,1,175,2503,390776
1526,1005041,25311,1,1,175,2503,390853
1526,1005058,25058,1,1,330,2503,391095
1526,1005059,24122,1,1,580,2503,390697
1526,1005302,25027,0,0,0,2503,390964
1526,1005367,25348,1,1,295,2503,390857
1526,1005466,24044,1,1,350,2503,390788
1526,1005978,25179,1,1,845,2503,391146
1526,1005983,25127,1,1,175,2503,391079
1526,1006034,24208,1,1,175,2503,390852
1526,1006455,24910,1,1,175,2503,391076
1526,1007232,24690,1,1,460,2503,390937
1526,1008795,25213,1,1,895,2503,390708
1526,1008796,25214,1,1,895,2503,390709
1526,1009536,24270,1,1,175,2503,390690
1526,1016242,25353,1,1,460,2503,390692
1526,1016293,24691,1,1,460,2503,390933
1526,1016330,25181,1,1,845,2503,390629
1526,1016499,25264,1,1,175,2503,390850
1526,1016566,25148,1,1,235,2503,390936
1526,1016642,25596,1,1,215,2503,390856
1526,1016677,25028,0,0,0,2503,390610
1526,1016681,24568,1,1,330,2503,390850
1526,1016724,23938,1,1,460,2503,390693
1526,1017103,24902,1,1,175,2503,390626
1526,1017198,25530,1,1,410,2503,391079
1526,1017458,23792,1,1,460,2503,390562
1526,1017460,23793,1,1,460,2503,390565
1526,1017462,23794,1,1,460,2503,390563
1526,1017647,24729,1,1,330,2503,390930
1526,1017670,24705,1,1,175,2503,390626
1526,1017787,25503,1,1,215,2503,390565
1526,1017878,25549,0,0,0,2503,390579
1526,1017954,25190,1,1,175,2503,390688
1526,1018846,25180,1,1,845,2503,390851
1526,1018995,24830,1,1,175,2503,390913
1526,1019017,25157,1,1,815,2503,390610
1526,1019018,25158,1,1,815,2503,390611
1526,1019279,25438,1,1,215,2503,390692
1526,1019455,25250,1,1,460,2503,390610
1526,1019469,25458,1,1,215,2503,390562
1526,1019518,24358,1,1,155,2503,390565
1526,1019609,25041,1,1,130,2503,391074
1526,1020012,25531,1,1,410,2503,391075
1526,1020521,25321,1,1,175,2503,390848
1526,1020562,24109,1,1,175,2503,390690
1526,1020658,24543,1,1,175,2503,391141
1526,1020729,25210,1,1,895,2503,390705
1526,1020730,25215,1,1,895,2503,390707
1526,1020764,25295,1,1,450,2503,390851
1526,1020792,24123,1,1,580,2503,390753
1526,1021283,23907,1,1,330,2503,390849
1526,1021368,25397,1,1,510,2503,390612
1526,1021389,25110,1,1,175,2503,390881
1526,1021397,24997,1,1,330,2503,390690
1526,1021734,24767,1,1,175,2503,390930
1526,1021806,24770,1,1,175,2503,390689
1526,1021856,25369,1,1,380,2503,391056
1526,1021860,25370,1,1,380,2503,391057
1526,1021867,24845,1,1,175,2503,390688
1526,1021875,25377,1,1,415,2503,390929
1526,1021930,25149,1,1,235,2503,390928
1526,1021978,23948,1,1,175,2503,390608
1526,1021980,25255,1,1,330,2503,390609
1526,1022178,25159,1,1,815,2503,390961
1526,1022230,24692,1,1,460,2503,390928
1526,1022439,25480,1,1,215,2503,390754
1526,1022728,23915,1,1,580,2503,390689
1526,1022914,24532,1,1,175,2503,390850
1526,1023317,25379,1,1,175,2503,390932
1526,1023739,24824,1,1,330,2503,390708
1526,1024014,24487,1,1,175,2503,390928
1526,1024021,24943,1,1,175,2503,390929
1526,1024449,24500,1,1,175,2503,390576
1526,1024539,24586,1,1,175,2503,390848
1526,1024637,24847,1,1,175,2503,390625
1526,1024945,25418,1,1,335,2503,391071
1526,1024947,23797,1,1,120,2503,390557
1526,1025234,25031,0,0,0,2503,390961
1526,1025316,25468,1,1,410,2503,390852
1526,1025337,25469,1,1,410,2503,390853
1526,1025477,25524,1,1,215,2503,390848
1526,1025488,25358,1,1,175,2503,390753
1526,1025490,25378,1,1,415,2503,390926
1526,1025519,24459,1,1,1005,2503,390623
1526,1025751,24916,1,1,120,2503,390846
1526,1025813,25595,1,1,120,2503,390847
1526,1025817,25349,1,1,295,2503,390846
1526,1025828,25150,1,1,120,2503,390685
1526,1025843,24535,1,1,120,2503,390764
1526,1025845,24537,1,1,120,2503,390764
1526,1025848,24539,1,1,120,2503,390765
1526,1026104,25354,1,1,175,2503,390849
1526,1026139,25332,1,1,175,2503,390852
1526,1026316,25593,1,1,145,2503,390565
1526,1026318,25478,1,1,120,2503,390910
1526,1026344,25521,1,1,240,2503,390555
1526,1026346,25522,1,1,240,2503,390555
1526,1026379,25572,1,1,120,2503,390689
1526,15155,24426,1,1,425,2504,391292
1526,19047,24558,1,1,175,2504,391339
1526,19178,24334,1,1,175,2504,391307
1526,19298,24468,1,1,175,2504,391334
1526,127469,24749,1,1,570,2504,391211
1526,132032,25453,1,1,195,2504,391243
1526,139608,24993,1,1,175,2504,391286
1526,141528,24623,1,1,175,2504,391338
1526,142771,24901,1,1,225,2504,391206
1526,143995,24648,1,1,175,2504,391242
1526,146894,24785,1,1,175,2504,391243
1526,147773,25020,1,1,175,2504,391243
1526,149686,24324,1,1,735,2504,391259
1526,150325,24351,1,1,175,2504,391271
1526,150673,24569,1,1,175,2504,391226
1526,151148,24825,1,1,155,2504,391303
1526,151155,25550,1,1,215,2504,391367
1526,151837,24750,1,1,570,2504,391207
1526,152180,24367,1,1,175,2504,391335
1526,152294,25320,1,1,175,2504,391200
1526,152551,24523,1,1,175,2504,391303
1526,152771,25109,1,1,175,2504,391334
1526,1000290,24308,1,1,175,2504,391291
1526,1000646,25605,0,0,0,2504,391371
1526,1000651,25169,1,1,175,2504,391226
1526,1000682,24550,1,1,460,2504,391238
1526,1002693,24694,1,1,175,2504,391334
1526,1003156,24378,1,1,645,2504,391270
1526,1003201,24488,1,1,175,2504,391306
1526,1003975,25515,1,1,215,2504,391198
1526,1003977,24388,1,1,175,2504,391200
1526,1004352,25405,1,1,215,2504,391319
1526,1004826,25471,1,1,215,2504,391239
1526,1004846,24759,1,1,175,2504,391226
1526,1005003,24354,1,1,175,2504,391290
1526,1005069,24395,1,1,175,2504,391367
1526,1005223,24536,1,1,175,2504,391302
1526,1005837,24562,1,1,330,2504,391335
1526,1005838,24533,1,1,175,2504,391335
1526,1005898,25494,1,1,315,2504,391370
1526,1006809,25430,1,1,215,2504,391335
1526,1006891,23970,1,1,175,2504,391178
1526,1007080,24337,1,1,460,2504,391301
1526,1007092,24379,1,1,645,2504,391269
1526,1007206,25251,1,1,175,2504,391201
1526,1011793,24427,1,1,425,2504,391300
1526,1014769,24428,1,1,425,2504,391303
1526,1014796,24484,1,1,175,2504,391196
1526,1014797,24751,1,1,570,2504,391197
1526,1015374,24649,1,1,175,2504,391291
1526,1016528,24489,1,1,155,2504,391303
1526,1016696,24238,1,1,175,2504,391270
1526,1017121,24429,1,1,425,2504,391301
1526,1017229,25253,1,1,155,2504,391194
1526,1018785,24309,1,1,155,2504,391301
1526,1018929,25592,1,1,170,2504,391236
1526,1019020,25580,1,1,215,2504,391190
1526,1019021,25309,1,1,175,2504,391191
1526,1019025,23957,1,1,175,2504,391197
1526,1019027,24026,1,1,175,2504,391192
1526,1019611,24551,1,1,460,2504,391239
1526,1020061,24325,1,1,735,2504,391250
1526,1020296,24321,1,1,175,2504,391236
1526,1020297,24552,1,1,460,2504,391237
1526,1020686,24387,1,1,175,2504,391267
1526,1021774,24380,1,1,645,2504,391219
1526,1021777,24311,1,1,175,2504,391220
1526,1022118,23822,1,1,175,2504,391269
1526,1022587,24381,1,1,645,2504,391285
1526,1022593,25578,1,1,215,2504,391330
1526,1022596,24481,1,1,175,2504,391331
1526,1022946,24897,1,1,175,2504,391302
1526,1023183,24382,1,1,645,2504,391299
1526,1023210,24328,1,1,735,2504,391248
1526,1023753,24867,1,1,175,2504,391331
1526,1023781,24765,1,1,175,2504,391192
1526,1023987,24844,1,1,120,2504,391189
1526,1024142,25314,1,1,175,2504,391190
1526,1024190,25481,1,1,410,2504,391266
1526,1024196,25482,1,1,410,2504,391299
1526,1024277,24606,1,1,120,2504,391168
1526,1024436,24430,1,1,425,2504,391299
1526,1024774,24604,1,1,175,2504,391234
1526,1024775,24563,1,1,175,2504,391235
1526,1024776,24628,1,1,105,2504,391235
1526,1024830,24872,1,1,175,2504,391267
1526,1024948,24855,1,1,120,2504,391184
1526,1024949,25193,1,1,120,2504,391185
1526,1025317,24752,1,1,570,2504,391189
1526,1025388,24333,1,1,120,2504,391281
1526,1025390,25573,1,1,190,2504,391280
1526,1025392,25452,1,1,120,2504,391280
1526,1025508,24098,1,1,350,2504,391291
1526,1026111,25000,1,1,120,2504,391327
1526,1026245,25462,1,1,240,2504,391281
1526,18669,25128,1,1,175,2505,391606
1526,126718,24827,1,1,120,2505,391853
1526,131365,25023,1,1,120,2505,391852
1526,142861,24507,1,1,80,2505,391511
1526,145349,25547,1,1,315,2505,391735
1526,146581,24996,1,1,330,2505,391739
1526,148326,25242,1,1,175,2505,391847
1526,151404,25591,1,1,215,2505,391494
1526,152229,25487,1,1,215,2505,391750
1526,152673,24469,1,1,155,2505,391735
1526,152930,25080,1,1,1045,2505,391847
1526,152931,25441,1,1,410,2505,391851
1526,153092,25129,1,1,175,2505,391850
1526,1000198,25139,1,1,330,2505,391543
1526,1000532,25140,1,1,330,2505,391547
1526,1001140,24492,1,1,330,2505,391402
1526,1001225,25047,1,1,175,2505,391847
1526,1001521,24575,1,1,460,2505,391847
1526,1001522,24576,1,1,460,2505,391847
1526,1001628,25473,1,1,215,2505,391734
1526,1001751,25599,1,1,215,2505,391850
1526,1002072,24863,1,1,175,2505,391848
1526,1002594,25256,1,1,175,2505,391511
1526,1002595,25067,1,1,175,2505,391511
1526,1002839,23897,1,1,175,2505,391642
1526,1003636,24644,1,1,175,2505,391511
1526,1004644,25081,1,1,1045,2505,391851
1526,1004645,24027,1,1,175,2505,391851
1526,1004690,24700,1,1,175,2505,391590
1526,1004956,25388,1,1,175,2505,391414
1526,1005403,25296,1,1,175,2505,391738
1526,1005515,24611,1,1,175,2505,391735
1526,1006247,25557,1,1,215,2505,391735
1526,1006380,23939,1,1,175,2505,391510
1526,1006413,25231,1,1,175,2505,391511
1526,1006589,24807,1,1,460,2505,391926
1526,1006592,24808,1,1,460,2505,391926
1526,1006600,24809,1,1,460,2505,391927
1526,1006684,25160,1,1,175,2505,391607
1526,1006685,25168,1,1,175,2505,391607
1526,1010867,25548,1,1,315,2505,391735
1526,1011745,24522,1,1,175,2505,391509
1526,1016252,25111,1,1,175,2505,391925
1526,1016337,25097,1,1,175,2505,391604
1526,1016494,24012,1,1,175,2505,391637
1526,1016508,24858,1,1,175,2505,391463
1526,1016747,24888,1,1,175,2505,391723
1526,1017594,23816,1,1,175,2505,391844
1526,1017595,24747,1,1,175,2505,391844
1526,1017597,25318,1,1,175,2505,391844
1526,1017938,23969,1,1,175,2505,391510
1526,1018644,25581,1,1,215,2505,391926
1526,1018659,24876,1,1,175,2505,391927
1526,1019578,25136,1,1,330,2505,391731
1526,1019579,25374,1,1,350,2505,391733
1526,1020070,24180,1,1,175,2505,391811
1526,1020901,24542,1,1,80,2505,391508
1526,1020968,24493,1,1,330,2505,391394
1526,1020970,25346,1,1,945,2505,391395
1526,1021127,24338,1,1,460,2505,391509
1526,1021172,24786,1,1,175,2505,391842
1526,1021197,25095,1,1,175,2505,391413
1526,1021295,23824,1,1,175,2505,391732
1526,1021702,25507,1,1,215,2505,391843
1526,1021709,25088,1,1,1045,2505,391843
1526,1022124,25098,1,1,175,2505,391490
1526,1022891,24651,1,1,175,2505,391843
1526,1022893,24577,1,1,460,2505,391843
1526,1022918,24998,1,1,175,2505,391844
1526,1022920,24853,1,1,175,2505,391845
1526,1022955,24748,1,1,175,2505,391955
1526,1023006,24564,1,1,175,2505,391827
1526,1023030,25087,1,1,1045,2505,391842
1526,1023108,24939,1,1,175,2505,391891
1526,1023197,23853,1,1,175,2505,391731
1526,1023460,25187,1,1,700,2505,391490
1526,1023463,25188,1,1,700,2505,391491
1526,1023716,24938,1,1,120,2505,391841
1526,1023775,25137,1,1,330,2505,391730
1526,1024672,24771,1,1,175,2505,391715
1526,1024677,24339,1,1,460,2505,391507
1526,1024678,24520,1,1,240,2505,391507
1526,1024679,24466,1,1,105,2505,391506
1526,1024680,24518,1,1,240,2505,391506
1526,1024681,24519,1,1,240,2505,391506
1526,1024807,25100,1,1,175,2505,391922
1526,1024810,25586,1,1,215,2505,391923
1526,1024996,25585,1,1,120,2505,391841
1526,1025569,24671,1,1,240,2505,391502
1526,1025570,25505,1,1,120,2505,391502
1526,1025571,24672,1,1,240,2505,391503
1526,1025572,24579,1,1,120,2505,391503
1526,1025784,24591,1,1,120,2505,391712
1526,1025785,25216,1,1,895,2505,391713
1526,1025821,24496,1,1,120,2505,391391
1526,1026136,25119,1,1,460,2505,391731
1526,1026137,25120,1,1,460,2505,391731
1526,1026138,25121,1,1,460,2505,391730
1526,1026246,25461,1,1,215,2505,391732
1526,16105,23856,1,1,580,2506,392013
1526,16490,24452,1,1,1005,2506,392028
1526,17458,23942,1,1,330,2506,392390
1526,19111,24679,1,1,175,2506,392282
1526,19279,24854,1,1,175,2506,392011
1526,19292,24758,1,1,155,2506,392074
1526,131158,24688,1,1,295,2506,392077
1526,141737,24689,1,1,295,2506,392075
1526,144167,25048,1,1,175,2506,392135
1526,145608,25056,1,1,175,2506,392007
1526,150297,25007,1,1,80,2506,392123
1526,151473,25003,1,1,460,2506,392010
1526,151474,25004,1,1,460,2506,392011
1526,151974,25463,1,1,215,2506,392247
1526,153259,24630,1,1,460,2506,392170
1526,1000133,24359,1,1,330,2506,392422
1526,1000267,25227,1,1,175,2506,392006
1526,1000306,24494,1,1,175,2506,392010
1526,1000362,25372,1,1,330,2506,392103
1526,1000652,23857,1,1,580,2506,392010
1526,1001148,23803,1,1,460,2506,392123
1526,1001154,23804,1,1,460,2506,392122
1526,1001178,24696,1,1,175,2506,392166
1526,1002830,24453,1,1,1005,2506,392026
1526,1003725,24454,1,1,1005,2506,392027
1526,1003732,25068,1,1,180,2506,392075
1526,1004593,24584,1,1,295,2506,392138
1526,1005123,25108,1,1,175,2506,392250
1526,1005226,23943,1,1,330,2506,392391
1526,1005708,24335,1,1,175,2506,392166
1526,1005806,24878,1,1,175,2506,392311
1526,1006418,25191,1,1,330,2506,392294
1526,1006421,25192,1,1,330,2506,392299
1526,1006551,24889,1,1,460,2506,392166
1526,1008856,24761,1,1,175,2506,392167
1526,1017355,25529,1,1,215,2506,392245
1526,1017629,24414,1,1,175,2506,392245
1526,1017672,25373,1,1,330,2506,392103
1526,1017733,24839,1,1,460,2506,392389
1526,1017985,24890,1,1,460,2506,392167
1526,1018632,24812,1,1,350,2506,392163
1526,1018683,25322,1,1,330,2506,392165
1526,1018969,25350,1,1,175,2506,392167
1526,1019093,24981,1,1,175,2506,392005
1526,1019251,24726,1,1,175,2506,392390
1526,1019565,25281,1,1,175,2506,392226
1526,1019570,25099,1,1,175,2506,392227
1526,1020344,24631,1,1,460,2506,392163
1526,1020655,24840,1,1,460,2506,392387
1526,1020987,24886,1,1,175,2506,392163
1526,1020988,24736,1,1,565,2506,392163
1526,1021598,24336,1,1,175,2506,392163
1526,1021747,24907,1,1,175,2506,392162
1526,1021783,23805,1,1,460,2506,392115
1526,1022059,24740,1,1,175,2506,392451
1526,1022476,24472,1,1,175,2506,392162
1526,1022612,24583,1,1,175,2506,392131
1526,1022961,25005,1,1,460,2506,392003
1526,1023300,24360,1,1,330,2506,392418
1526,1023434,23859,1,1,580,2506,392003
1526,1023547,25323,1,1,330,2506,392162
1526,1023608,24891,1,1,460,2506,392163
1526,1023706,24457,1,1,1005,2506,392018
1526,1023806,24411,1,1,120,2506,392160
1526,1024589,24841,1,1,460,2506,392390
1526,1024599,24632,1,1,460,2506,392164
1526,1024708,24560,1,1,120,2506,392241
1526,1024709,24557,1,1,120,2506,392241
1526,1024750,24737,1,1,565,2506,392163
1526,1024910,24670,1,1,120,2506,392128
1526,1025819,25182,1,1,845,2506,392383
1526,1025849,24585,1,1,295,2506,392129
1526,1026220,25537,1,1,120,2506,392239
1526,1026221,25488,1,1,120,2506,392239
1526,1026382,25575,1,1,120,2506,392127
1526,17279,24883,1,1,155,2507,392474
1526,17961,25089,1,1,450,2507,392507
1526,17993,25386,1,1,295,2507,392522
1526,19063,25288,1,1,565,2507,392475
1526,19148,23836,1,1,805,2507,392507
1526,131107,25387,1,1,295,2507,392493
1526,150861,25245,1,1,175,2507,392490
1526,152304,23837,1,1,805,2507,392507
1526,1000155,25289,1,1,565,2507,392586
1526,1000157,25290,1,1,565,2507,392587
1526,1001014,25090,1,1,450,2507,392503
1526,1001636,24969,1,1,175,2507,392534
1526,1001639,25077,1,1,175,2507,392535
1526,1002550,24848,1,1,175,2507,392586
1526,1004700,25291,1,1,565,2507,392587
1526,1005952,24570,1,1,175,2507,392470
1526,1008504,24986,1,1,175,2507,392503
1526,1018792,23838,1,1,805,2507,392500
1526,1019325,24959,1,1,175,2507,392471
1526,1019489,25029,0,0,0,2507,392469
1526,1019495,25532,0,0,0,2507,392467
1526,1019606,25054,1,1,330,2507,392487
1526,1020233,24009,1,1,175,2507,392498
1526,1020237,23879,1,1,175,2507,392499
1526,1020238,23839,1,1,805,2507,392499
1526,1020972,25559,1,1,215,2507,392467
1526,1021079,24326,1,1,735,2507,392530
1526,1021080,24327,1,1,735,2507,392531
1526,1021163,25307,1,1,80,2507,392581
1526,1021168,25292,1,1,80,2507,392469
1526,1021845,25195,1,1,175,2507,392482
1526,1023256,24350,1,1,175,2507,392467
1526,1023532,24940,1,1,120,2507,392496
1526,1023535,24599,1,1,120,2507,392497
1526,1023536,25091,1,1,450,2507,392497
1526,1023813,25055,1,1,330,2507,392563
1526,1024114,25114,1,1,175,2507,392563
1526,1024401,24905,1,1,175,2507,392483
1526,1025240,23840,1,1,805,2507,392496
1526,1025245,23841,1,1,805,2507,392497
1526,15660,25389,1,1,120,2508,392765
1526,19036,24544,1,1,330,2508,392842
1526,19681,25395,1,1,510,2508,392714
1526,113305,23806,0,0,0,2508,392733
1526,127067,25424,0,0,0,2508,392733
1526,138083,25310,1,1,175,2508,392887
1526,142557,25022,1,1,350,2508,392874
1526,144434,25277,1,1,565,2508,392759
1526,144726,24169,1,1,350,2508,392870
1526,145249,24662,1,1,175,2508,392890
1526,145407,25390,1,1,685,2508,392763
1526,146146,24795,1,1,330,2508,392843
1526,146479,25329,1,1,175,2508,392619
1526,148494,25517,1,1,430,2508,392759
1526,148999,25196,1,1,790,2508,392699
1526,150186,25224,1,1,175,2508,392923
1526,150534,25470,1,1,215,2508,392891
1526,150545,25278,1,1,565,2508,392758
1526,151724,25153,1,1,155,2508,392827
1526,151746,25501,1,1,410,2508,392759
1526,152899,25305,1,1,175,2508,392710
1526,153296,24796,1,1,330,2508,392842
1526,1000097,25396,1,1,510,2508,392715
1526,1000276,25246,1,1,330,2508,392618
1526,1000745,23826,1,1,175,2508,392826
1526,1000820,24384,1,1,510,2508,393083
1526,1001242,25391,1,1,685,2508,392759
1526,1001472,24975,1,1,175,2508,392775
1526,1002722,24900,0,0,0,2508,392726
1526,1002724,25502,1,1,410,2508,392759
1526,1004103,25425,0,0,0,2508,392726
1526,1004696,24545,1,1,330,2508,392891
1526,1004980,24731,1,1,460,2508,393142
1526,1005415,24580,1,1,175,2508,392618
1526,1005502,24396,1,1,175,2508,392826
1526,1005977,25518,1,1,215,2508,392779
1526,1005995,24732,1,1,460,2508,392871
1526,1006047,24892,1,1,175,2508,392662
1526,1012747,25101,1,1,175,2508,392759
1526,1012778,24508,1,1,175,2508,392759
1526,1016372,25225,1,1,175,2508,392922
1526,1016683,25247,1,1,330,2508,392613
1526,1016757,24608,1,1,295,2508,392869
1526,1017380,25570,1,1,215,2508,392773
1526,1017383,24880,1,1,175,2508,392839
1526,1017412,24547,1,1,175,2508,392708
1526,1017439,25568,1,1,410,2508,392756
1526,1017838,24555,1,1,330,2508,392759
1526,1017839,24556,1,1,330,2508,392757
1526,1017977,23807,0,0,0,2508,392725
1526,1018904,24988,1,1,175,2508,393140
1526,1018991,24385,1,1,510,2508,393078
1526,1018994,25218,1,1,175,2508,393175
1526,1019288,24548,1,1,330,2508,392757
1526,1019616,24733,1,1,460,2508,393139
1526,1019672,25279,1,1,565,2508,392757
1526,1020910,24908,1,1,175,2508,393138
1526,1020937,24871,1,1,175,2508,392659
1526,1021029,24197,1,1,175,2508,392663
1526,1021130,24352,1,1,175,2508,392774
1526,1021164,23880,1,1,175,2508,392819
1526,1021375,25392,1,1,685,2508,392755
1526,1021376,25393,1,1,685,2508,392755
1526,1021377,25567,1,1,410,2508,392755
1526,1022128,24653,1,1,175,2508,392866
1526,1022480,25197,1,1,790,2508,392690
1526,1022483,25198,1,1,790,2508,392691
1526,1022555,25167,1,1,175,2508,392755
1526,1022556,24554,1,1,175,2508,392755
1526,1022638,25199,1,1,790,2508,392755
1526,1022685,24549,1,1,330,2508,392755
1526,1022686,25221,1,1,350,2508,392754
1526,1023374,25598,0,0,0,2508,392755
1526,1023458,25280,1,1,565,2508,392754
1526,1023586,24898,1,1,175,2508,393074
1526,1023588,24386,1,1,510,2508,393075
1526,1024113,24366,1,1,175,2508,392774
1526,1024843,24609,1,1,295,2508,392865
1526,1024915,25394,1,1,685,2508,392752
1526,1025190,25200,1,1,790,2508,392754
1526,1026119,25122,1,1,350,2508,392757
1526,1026120,25271,1,1,175,2508,392853
1526,1026381,25560,1,1,195,2508,392759
1526,17414,25059,1,1,175,2509,393226
1526,18593,24512,1,1,295,2509,393275
1526,126947,24383,1,1,120,2509,393228
1526,126952,25202,1,1,120,2509,393228
1526,133973,25401,1,1,380,2509,393275
1526,145453,25203,1,1,175,2509,393227
1526,145862,23867,1,1,175,2509,393210
1526,147512,25402,1,1,380,2509,393270
1526,148635,25356,1,1,295,2509,393271
1526,149707,24738,1,1,175,2509,393258
1526,149710,24739,1,1,175,2509,393255
1526,151438,25327,1,1,330,2509,393211
1526,385702,24676,1,1,460,2509,393211
1526,1000139,24625,1,1,470,2509,393271
1526,1000159,24390,1,1,175,2509,393270
1526,1000235,24828,1,1,330,2509,393271
1526,1000788,25133,1,1,395,2509,393227
1526,1001524,25076,1,1,175,2509,393270
1526,1007208,24991,1,1,175,2509,393271
1526,1016244,24626,1,1,470,2509,393274
1526,1016297,24499,1,1,175,2509,393253
1526,1016588,25325,1,1,330,2509,393204
1526,1019296,25420,1,1,430,2509,393269
1526,1020078,24829,1,1,330,2509,393270
1526,1020571,24677,1,1,460,2509,393204
1526,1021012,24906,1,1,175,2509,393267
1526,1021015,24368,1,1,175,2509,393267
1526,1021017,24887,1,1,175,2509,393266
1526,1021263,24340,1,1,175,2509,393218
1526,1021793,24678,1,1,460,2509,393203
1526,1022272,24873,1,1,175,2509,393267
1526,1022834,24633,1,1,175,2509,393266
1526,1023949,25134,1,1,395,2509,393216
1526,1023955,24145,1,1,120,2509,393217
1526,1024557,24513,1,1,295,2509,393265
1526,1025116,25357,1,1,295,2509,393264
1526,1025121,25467,1,1,170,2509,393267
1526,1025187,24627,1,1,470,2509,393296
1526,1026207,25443,1,1,215,2509,393266
1526,17318,25303,1,1,210,2510,393368
1526,19188,25304,1,1,210,2510,393371
1526,19244,24594,1,1,330,2510,393367
1526,122554,25326,1,1,175,2510,393419
1526,144709,24861,1,1,175,2510,393367
1526,148333,25297,1,1,1145,2510,393371
1526,148337,24528,1,1,175,2510,393370
1526,148534,25319,1,1,80,2510,393367
1526,150205,25268,1,1,460,2510,393386
1526,152382,24869,1,1,175,2510,393418
1526,153496,25298,1,1,1145,2510,393366
1526,1000119,25299,1,1,1145,2510,393367
1526,1001876,25300,1,1,1145,2510,393370
1526,1001884,25454,1,1,240,2510,393367
1526,1002940,25301,1,1,1145,2510,393370
1526,1002946,25406,1,1,215,2510,393367
1526,1004722,24345,1,1,330,2510,393431
1526,1004723,24344,1,1,330,2510,393431
1526,1005198,25456,1,1,240,2510,393366
1526,1007067,24727,1,1,175,2510,393348
1526,1010918,24595,1,1,330,2510,393364
1526,1017372,25001,1,1,175,2510,393365
1526,1017963,25477,1,1,215,2510,393364
1526,1021108,24600,1,1,175,2510,393362
1526,1021866,24681,1,1,155,2510,393347
1526,1021962,24465,1,1,175,2510,393363
1526,1022299,25302,1,1,1145,2510,393362
1526,1023834,24704,0,0,0,2510,393383
1526,1024252,24766,1,1,175,2510,393362
1526,1025759,25460,1,1,120,2510,393359
1526,1025965,25476,1,1,120,2510,393358
1526,1026317,25479,1,1,145,2510,393378
1526,15556,24409,1,1,295,2511,393580
1526,18561,24911,1,1,175,2511,393718
1526,19021,24589,1,1,175,2511,393642
1526,19113,25341,1,1,945,2511,393754
1526,19117,25499,1,1,410,2511,393595
1526,19206,24448,1,1,330,2511,393578
1526,19291,25500,1,1,410,2511,393594
1526,19728,24947,1,1,510,2511,393563
1526,128616,25241,1,1,120,2511,393581
1526,142975,25283,1,1,645,2511,393563
1526,143665,24801,1,1,175,2511,393559
1526,143918,24529,1,1,175,2511,393595
1526,148738,24530,1,1,155,2511,393591
1526,151719,25604,0,0,0,2511,392471
1526,151873,24355,1,1,175,2511,393575
1526,153381,24467,1,1,175,2511,393558
1526,1000601,24837,1,1,175,2511,393658
1526,1000644,24449,1,1,330,2511,393578
1526,1000742,25594,1,1,215,2511,393611
1526,1001970,25284,1,1,645,2511,393575
1526,1001975,25312,1,1,175,2511,393574
1526,1002089,25269,1,1,460,2511,393627
1526,1002362,25426,1,1,215,2511,393559
1526,1003144,25186,1,1,330,2511,393574
1526,1004095,24903,1,1,330,2511,393579
1526,1004829,24741,1,1,330,2511,393610
1526,1005014,24389,1,1,175,2511,393558
1526,1005016,23913,1,1,580,2511,393559
1526,1005468,24951,0,0,0,2511,393607
1526,1006370,24881,1,1,175,2511,393559
1526,1006628,25270,1,1,460,2511,393623
1526,1008853,25185,1,1,330,2511,393575
1526,1009545,23835,1,1,175,2511,393637
1526,1016235,25285,1,1,645,2511,393559
1526,1016559,24498,1,1,175,2511,393557
1526,1016562,24410,1,1,295,2511,393572
1526,1016584,24590,1,1,175,2511,393558
1526,1016619,23914,1,1,580,2511,393562
1526,1016789,24948,1,1,510,2511,393562
1526,1017066,24607,1,1,350,2511,393573
1526,1017777,24660,1,1,175,2511,393636
1526,1017876,24143,1,1,175,2511,393556
1526,1018009,24064,1,1,175,2511,393637
1526,1018767,24760,1,1,175,2511,393691
1526,1018769,25404,1,1,215,2511,393687
1526,1018807,25364,1,1,655,2511,393637
1526,1018857,25445,1,1,215,2511,393570
1526,1018860,25016,1,1,175,2511,393571
1526,1019061,24952,0,0,0,2511,393604
1526,1019366,24742,1,1,330,2511,393605
1526,1019377,24113,1,1,175,2511,393572
1526,1019422,24294,1,1,175,2511,393570
1526,1019525,25035,1,1,175,2511,393606
1526,1020331,25382,1,1,175,2511,393589
1526,1020392,25263,1,1,175,2511,393575
1526,1020661,25506,1,1,215,2511,393591
1526,1021087,24912,1,1,175,2511,393554
1526,1021302,24789,1,1,175,2511,393573
1526,1021328,24792,1,1,175,2511,393555
1526,1021384,24412,1,1,175,2511,393590
1526,1021399,24101,1,1,450,2511,393554
1526,1021402,24949,1,1,510,2511,393555
1526,1021482,24685,1,1,175,2511,393606
1526,1021614,25539,1,1,700,2511,393587
1526,1021908,24673,1,1,175,2511,393714
1526,1021909,25183,1,1,175,2511,393715
1526,1021911,24010,1,1,175,2511,393715
1526,1022026,24942,1,1,350,2511,393716
1526,1022309,24904,1,1,330,2511,393571
1526,1022628,25286,1,1,645,2511,393555
1526,1023185,23916,1,1,580,2511,393553
1526,1023691,24154,1,1,175,2511,393555
1526,1023705,24349,1,1,175,2511,393571
1526,1023731,25540,1,1,700,2511,393587
1526,1023732,25541,1,1,700,2511,393587
1526,1023787,25014,1,1,175,2511,393572
1526,1023825,24669,1,1,175,2511,393591
1526,1023876,25475,1,1,215,2511,393571
1526,1024684,25287,1,1,645,2511,393558
1526,1024700,24874,1,1,350,2511,393618
1526,1025005,24102,1,1,450,2511,393553
1526,1025145,24950,0,0,0,2511,393598
1526,1025208,24103,1,1,450,2511,393555
1526,1025277,25365,1,1,655,2511,393633
1526,1025407,24526,1,1,120,2511,393599
1526,1025460,25588,1,1,240,2511,393566
1526,1025655,24347,1,1,120,2511,393550
1526,1025836,25366,1,1,655,2511,393631
1526,1025837,25367,1,1,655,2511,393630
1526,1025838,25368,1,1,655,2511,393630
1526,1025935,25554,1,1,120,2511,393567
1526,1025938,25542,1,1,700,2511,393567
1526,1026310,25474,1,1,240,2511,393713
1526,16121,24708,1,1,120,2512,394108
1526,16405,25293,1,1,450,2512,394092
1526,16592,24080,1,1,630,2512,393980
1526,19185,25232,1,1,330,2512,394139
1526,19245,24312,1,1,460,2512,393847
1526,19280,25272,1,1,685,2512,394219
1526,19281,24640,1,1,580,2512,393895
1526,19308,24917,1,1,480,2512,394090
1526,139766,24060,1,1,330,2512,393883
1526,141333,24081,1,1,630,2512,393978
1526,143222,25234,1,1,460,2512,394091
1526,143424,25233,1,1,330,2512,393835
1526,146358,24831,1,1,765,2512,393979
1526,146389,24538,1,1,175,2512,393786
1526,147066,24757,1,1,175,2512,393930
1526,147103,25229,1,1,295,2512,393787
1526,150810,24920,1,1,130,2512,394235
1526,150811,24450,1,1,330,2512,394234
1526,150924,24754,1,1,330,2512,394091
1526,150925,25545,1,1,410,2512,394087
1526,151087,25254,1,1,330,2512,394139
1526,151286,24895,1,1,175,2512,393786
1526,151551,25428,1,1,410,2512,393991
1526,151652,24400,1,1,910,2512,393978
1526,152662,24946,1,1,175,2512,393847
1526,152926,24832,1,1,765,2512,393978
1526,153299,25173,1,1,460,2512,393883
1526,385438,25189,1,1,350,2512,394139
1526,1000226,24971,1,1,470,2512,393995
1526,1000231,24937,1,1,175,2512,394118
1526,1000241,24967,1,1,330,2512,393930
1526,1000273,24463,1,1,330,2512,393963
1526,1000278,25115,1,1,565,2512,394202
1526,1000743,24972,1,1,470,2512,393994
1526,1000746,25508,1,1,215,2512,394071
1526,1000748,24436,1,1,295,2512,394074
1526,1000916,25483,1,1,215,2512,393847
1526,1001031,25008,1,1,175,2512,394107
1526,1001080,25103,1,1,645,2512,393862
1526,1001137,24709,1,1,465,2512,394107
1526,1002141,25062,1,1,330,2512,393882
1526,1002194,24918,1,1,480,2512,394087
1526,1002822,24408,1,1,175,2512,393914
1526,1002854,25239,1,1,175,2512,394327
1526,1003180,24315,1,1,590,2512,394266
1526,1003687,24130,1,1,330,2512,393926
1526,1003996,25116,1,1,565,2512,394043
1526,1003999,24849,1,1,175,2512,393818
1526,1004249,25104,1,1,645,2512,393867
1526,1004305,25002,1,1,175,2512,393883
1526,1004834,24833,1,1,765,2512,393978
1526,1005065,24860,1,1,155,2512,393974
1526,1005970,24295,1,1,845,2512,394250
1526,1006460,25383,1,1,235,2512,393860
1526,1006484,24973,1,1,470,2512,393991
1526,1006542,24593,1,1,175,2512,394069
1526,1006573,24316,1,1,590,2512,394263
1526,1006660,24377,1,1,155,2512,394311
1526,1006796,25052,1,1,175,2512,393782
1526,1007193,24974,1,1,470,2512,393989
1526,1007223,25012,1,1,175,2512,394218
1526,1007224,24445,1,1,450,2512,393879
1526,1008950,24158,1,1,175,2512,394133
1526,1010749,24375,1,1,175,2512,394310
1526,1011791,24425,1,1,175,2512,393991
1526,1011817,24082,1,1,630,2512,393972
1526,1012383,25235,1,1,460,2512,394085
1526,1015397,25582,1,1,410,2512,394103
1526,1015578,25583,1,1,410,2512,394134
1526,1016241,24271,1,1,175,2512,394314
1526,1016305,24455,1,1,1005,2512,394084
1526,1016374,24527,1,1,175,2512,394053
1526,1016382,25174,1,1,460,2512,393876
1526,1016386,24061,1,1,330,2512,393877
1526,1016532,24641,1,1,580,2512,393767
1526,1016533,24642,1,1,580,2512,393899
1526,1016567,24813,1,1,175,2512,393844
1526,1016572,25156,1,1,815,2512,393845
1526,1016591,25105,1,1,645,2512,393862
1526,1016636,25569,1,1,430,2512,393946
1526,1016691,25317,1,1,175,2512,393925
1526,1016717,24353,1,1,175,2512,394203
1526,1016749,25380,1,1,330,2512,393866
1526,1016966,25082,1,1,1045,2512,393877
1526,1016967,25442,1,1,410,2512,393876
1526,1017114,24476,1,1,175,2512,393941
1526,1017179,25385,1,1,175,2512,393796
1526,1017181,25039,1,1,175,2512,393797
1526,1017182,24799,1,1,175,2512,393797
1526,1017234,24802,1,1,460,2512,393765
1526,1017286,25117,1,1,565,2512,394148
1526,1017309,24393,1,1,330,2512,394090
1526,1017310,24394,1,1,330,2512,394091
1526,1017582,25556,1,1,170,2512,394133
1526,1017605,24401,1,1,910,2512,393973
1526,1017661,24701,1,1,175,2512,393782
1526,1017662,24885,1,1,175,2512,394229
1526,1017683,25504,1,1,215,2512,393828
1526,1017702,25412,1,1,430,2512,393909
1526,1017708,25384,1,1,235,2512,393972
1526,1017753,24474,1,1,175,2512,394070
1526,1017785,25073,1,1,155,2512,393783
1526,1018103,24566,1,1,175,2512,394083
1526,1018797,24402,1,1,910,2512,394267
1526,1018804,25534,1,1,580,2512,394131
1526,1018812,25273,1,1,685,2512,393923
1526,1018870,24403,1,1,910,2512,394262
1526,1018898,24296,1,1,845,2512,394230
1526,1019032,24451,1,1,330,2512,394229
1526,1019403,24399,1,1,175,2512,393970
1526,1019408,25236,1,1,460,2512,394084
1526,1019504,24661,1,1,175,2512,393847
1526,1019505,24668,1,1,175,2512,393844
1526,1019574,24297,1,1,845,2512,394229
1526,1019600,25429,1,1,410,2512,393989
1526,1019743,25587,1,1,215,2512,394066
1526,1020126,25083,1,1,1045,2512,393876
1526,1020133,25084,1,1,1045,2512,393875
1526,1020134,25085,1,1,1045,2512,393875
1526,1020386,25223,1,1,175,2512,393875
1526,1020388,24298,1,1,845,2512,394245
1526,1020389,24299,1,1,845,2512,394243
1526,1020759,25064,1,1,175,2512,394324
1526,1020780,25175,1,1,460,2512,393875
1526,1020830,24431,1,1,570,2512,394084
1526,1020831,24968,1,1,330,2512,393927
1526,1020837,24083,1,1,630,2512,393957
1526,1020838,24084,1,1,105,2512,394260
1526,1020856,25535,1,1,580,2512,393834
1526,1020938,25584,1,1,215,2512,393779
1526,1020939,24768,1,1,175,2512,393778
1526,1021093,24317,1,1,590,2512,394261
1526,1021094,24318,1,1,590,2512,394262
1526,1021183,24404,1,1,910,2512,393971
1526,1021206,24602,1,1,175,2512,393861
1526,1021249,25086,1,1,1045,2512,393876
1526,1021287,24300,1,1,845,2512,394226
1526,1021319,25063,1,1,330,2512,393875
1526,1021362,24199,1,1,350,2512,393778
1526,1021464,24356,1,1,155,2512,394326
1526,1021470,24979,1,1,175,2512,393986
1526,1021472,23961,1,1,175,2512,393987
1526,1021591,24446,1,1,450,2512,393875
1526,1021656,25333,1,1,175,2512,393875
1526,1021727,25118,1,1,565,2512,394035
1526,1021789,24834,1,1,765,2512,393970
1526,1021895,25228,1,1,175,2512,394131
1526,1021977,24791,1,1,175,2512,393875
1526,1021995,25330,1,1,350,2512,393988
1526,1022121,25049,1,1,590,2512,394067
1526,1022157,25051,1,1,175,2512,394131
1526,1022161,25410,1,1,215,2512,393842
1526,1022274,24131,1,1,330,2512,393923
1526,1022296,24587,1,1,175,2512,393779
1526,1022379,24432,1,1,570,2512,394083
1526,1022471,24313,1,1,460,2512,393843
1526,1022692,24610,1,1,80,2512,393971
1526,1022839,24835,1,1,765,2512,393971
1526,1022927,25381,1,1,330,2512,393925
1526,1022948,24376,1,1,175,2512,393956
1526,1023170,24456,1,1,1005,2512,394083
1526,1023298,25544,1,1,410,2512,394083
1526,1023308,24314,1,1,460,2512,393842
1526,1023355,25096,1,1,240,2512,393841
1526,1023665,24424,1,1,120,2512,393984
1526,1023736,24229,1,1,175,2512,394307
1526,1023804,24970,1,1,155,2512,394067
1526,1023852,25243,1,1,175,2512,393762
1526,1024002,25106,1,1,645,2512,393863
1526,1024117,24803,1,1,460,2512,393763
1526,1024118,24804,1,1,460,2512,393765
1526,1024169,24755,1,1,330,2512,394082
1526,1024233,24643,1,1,580,2512,393888
1526,1024432,25472,1,1,215,2512,394115
1526,1024592,25274,1,1,685,2512,394211
1526,1024698,24447,1,1,450,2512,393872
1526,1024724,25440,0,0,0,2512,394078
1526,1024782,25275,1,1,685,2512,394210
1526,1024887,25306,1,1,120,2512,394081
1526,1024889,24458,1,1,1005,2512,394080
1526,1024890,24434,1,1,570,2512,394081
1526,1024908,24437,1,1,295,2512,394063
1526,1024937,25576,1,1,480,2512,394206
1526,1024938,25276,1,1,685,2512,394206
1526,1024940,25050,1,1,590,2512,394207
1526,1024941,25577,1,1,480,2512,394207
1526,1025066,24464,1,1,330,2512,393954
1526,1025122,24319,1,1,590,2512,394254
1526,1025248,24521,1,1,120,2512,394241
1526,1025376,24710,1,1,465,2512,394096
1526,1025378,24711,1,1,465,2512,394096
1526,1025399,25403,1,1,120,2512,393953
1526,1025439,24301,1,1,845,2512,394224
1526,1025450,24405,1,1,910,2512,394257
1526,1025491,24281,1,1,155,2512,394322
1526,1025648,25536,1,1,580,2512,393826
1526,1025710,24787,1,1,120,2512,394047
1526,1025960,25230,1,1,295,2512,393777
1526,1026006,24836,1,1,765,2512,393968
1526,1026149,25510,1,1,240,2512,393759
1526,1026150,25511,1,1,240,2512,393759
1526,1026183,25433,1,1,120,2512,393859
1526,1026191,25421,1,1,430,2512,393781
1526,1026380,25555,1,1,120,2512,394081
1526,132620,25342,1,1,945,2513,394477
1526,137919,25561,1,1,845,2513,394486
1526,145474,24485,1,1,330,2513,394523
1526,147021,25343,1,1,945,2513,394475
1526,148960,24684,1,1,205,2513,394443
1526,148970,25170,1,1,160,2513,394442
1526,149030,25562,1,1,845,2513,394490
1526,149163,24870,1,1,175,2513,394471
1526,151477,25152,0,0,0,2513,394471
1526,151502,24322,1,1,175,2513,394490
1526,151507,24415,1,1,175,2513,394490
1526,504809,25018,1,1,155,2513,394491
1526,1000310,24790,1,1,120,2513,394524
1526,1001549,25601,0,0,0,2513,394491
1526,1002668,24734,1,1,565,2513,394523
1526,1003057,25344,1,1,945,2513,394474
1526,1003176,24923,1,1,330,2513,394486
1526,1005036,24486,1,1,330,2513,394522
1526,1007062,24846,1,1,175,2513,394487
1526,1008774,25415,1,1,215,2513,394551
1526,1010910,24735,1,1,565,2513,394519
1526,1014504,23899,1,1,460,2513,394442
1526,1016212,24460,1,1,460,2513,394437
1526,1016708,24511,1,1,175,2513,394491
1526,1016709,24663,1,1,175,2513,394487
1526,1018599,25345,1,1,945,2513,394471
1526,1019715,25074,1,1,175,2513,394484
1526,1020115,24922,1,1,330,2513,394482
1526,1020347,25431,1,1,215,2513,394435
1526,1020348,23900,1,1,460,2513,394437
1526,1020349,25171,1,1,160,2513,394434
1526,1020352,23901,1,1,460,2513,394435
1526,1020394,24461,1,1,460,2513,394436
1526,1020676,25563,1,1,845,2513,394482
1526,1020679,25564,1,1,845,2513,394483
1526,1020682,25565,1,1,845,2513,394483
1526,1021963,25347,1,1,945,2513,394467
1526,1021964,24062,1,1,175,2513,394467
1526,1022996,25219,1,1,175,2513,394466
1526,1023220,24462,1,1,460,2513,394435
1526,1024448,25030,0,0,0,2513,394467
1526,1025211,25546,1,1,215,2513,394467
1526,1026262,25465,1,1,240,2513,394417
1526,15860,25600,1,1,120,2566,393805
